ID,Tên sản phẩm,Giá,Giá gốc,% Giảm giá,Hình ảnh,URL,Sale
73418,ĐẦM TUYTSY KẺ TRẮNG NỀN ĐEN NHÚN EO,1.608.600 VND,2.298.000 VND,30%,https://elise.vn/media/catalog/product/cache/b35d2052d2e1ce5f6cbaec523842ed65/f/s/fs2506088diwopt.jpg,https://elise.vn/catalog/product/view/id/73418/s/dam-tuytsy-ke-trang-nen-den-nhun-eo-fs2506088diwopt/,Có
73413,ĐẦM TUYTSY ĐEN CỔ VEST BUỘC DÂY EO,1.608.600 VND,2.298.000 VND,30%,https://elise.vn/media/catalog/product/cache/b35d2052d2e1ce5f6cbaec523842ed65/f/f/ff2506125diwobk.jpg,https://elise.vn/catalog/product/view/id/73413/s/dam-tuytsy-den-co-vest-buoc-day-eo-ff2506125diwobk/,Có
73408,ĐẦM TUYTSY BE VÂN Ô NHỎ CỔ ĐỨC,1.608.600 VND,2.298.000 VND,30%,https://elise.vn/media/catalog/product/cache/b35d2052d2e1ce5f6cbaec523842ed65/f/f/ff2506097diwobe.jpg,https://elise.vn/catalog/product/view/id/73408/s/dam-tuytsy-be-van-o-nho-co-duc-ff2506097diwobe/,Có
73403,ĐẦM BÚT CHÌ BE SỮA XẾP NHÚN PEPLUM,1.468.600 VND,2.098.000 VND,30%,https://elise.vn/media/catalog/product/cache/b35d2052d2e1ce5f6cbaec523842ed65/f/w/fw2506115diwobe.jpg,https://elise.vn/catalog/product/view/id/73403/s/dam-but-chi-be-sua-xep-nhun-peplum-fw2506115diwobe/,Có
73398,QUẦN SUÔNG TRẮNG BẤU MÍ TÚI CHÉO,908.600 VND,1.298.000 VND,30%,https://elise.vn/media/catalog/product/cache/b35d2052d2e1ce5f6cbaec523842ed65/f/w/fw2507102bpwowh.jpg,https://elise.vn/catalog/product/view/id/73398/s/quan-suong-trang-bau-mi-tui-cheo-fw2507102bpwowh/,Có
73393,QUẦN SUÔNG SẠN XANH TÚI SƯỜN,908.600 VND,1.298.000 VND,30%,https://elise.vn/media/catalog/product/cache/b35d2052d2e1ce5f6cbaec523842ed65/f/s/fs2504238bpwopw.jpg,https://elise.vn/quan-suong-san-xanh-tui-suon-fs2504238bpwopw.html,Có
73388,QUẦN SUÔNG NÂU VÀNG BẤU MÍ TRƯỚC,908.600 VND,1.298.000 VND,30%,https://elise.vn/media/catalog/product/cache/b35d2052d2e1ce5f6cbaec523842ed65/f/w/fw2507176bpwopt1.jpg,https://elise.vn/catalog/product/view/id/73388/s/quan-suong-nau-vang-bau-mi-truoc-fw2507176bpwopt/,Có
73383,QUẦN SUÔNG HỒNG MÔN CẠP CHÉO,908.600 VND,1.298.000 VND,30%,https://elise.vn/media/catalog/product/cache/b35d2052d2e1ce5f6cbaec523842ed65/f/w/fw2506080bpwopk1.jpg,https://elise.vn/catalog/product/view/id/73383/s/quan-suong-hong-mon-cap-cheo-fw2506080bpwopk/,Có
73378,QUẦN SUÔNG ĐEN VÂN TÚI CHÉO,908.600 VND,1.298.000 VND,30%,https://elise.vn/media/catalog/product/cache/b35d2052d2e1ce5f6cbaec523842ed65/f/s/fs2505226bpwobk.jpg,https://elise.vn/catalog/product/view/id/73378/s/quan-suong-den-van-tui-cheo-fs2505226bpwobk/,Có
73373,QUẦN SOOC ĐEN VÂN TÚI CHÉO,768.600 VND,1.098.000 VND,30%,https://elise.vn/media/catalog/product/cache/b35d2052d2e1ce5f6cbaec523842ed65/f/s/fs2505218bswobk2.jpg,https://elise.vn/catalog/product/view/id/73373/s/quan-sooc-den-van-tui-cheo-fs2505218bswobk/,Có
73368,QUẦN BAGGY ĐEN CẠP LIỀN TÚI DỌC,908.600 VND,1.298.000 VND,30%,https://elise.vn/media/catalog/product/cache/b35d2052d2e1ce5f6cbaec523842ed65/f/w/fw2507046bpwobk2_1.jpg,https://elise.vn/catalog/product/view/id/73368/s/quan-baggy-den-cap-lien-tui-doc-fw2507046bpwobk/,Có
73363,JUPE XANH MINT XẺ SAU,838.600 VND,1.198.000 VND,30%,https://elise.vn/media/catalog/product/cache/b35d2052d2e1ce5f6cbaec523842ed65/f/s/fs2504262bkwoge2.jpg,https://elise.vn/catalog/product/view/id/73363/s/jupe-xanh-mint-xe-sau-fs2504262bkwoge/,Có
73358,CV TUYTSY KẺ Ô TRẮNG HỒNG DẬP LY,1.048.600 VND,1.498.000 VND,30%,https://elise.vn/media/catalog/product/cache/b35d2052d2e1ce5f6cbaec523842ed65/f/w/fw2506085bkwopk1.jpg,https://elise.vn/catalog/product/view/id/73358/s/cv-tuytsy-ke-o-trang-hong-dap-ly-fw2506085bkwopk/,Có
73353,CHÂN VÁY DẠ ĐEN XẺ SAU,978.600 VND,1.398.000 VND,30%,https://elise.vn/media/catalog/product/cache/b35d2052d2e1ce5f6cbaec523842ed65/f/w/fw2505253bkwobk1.jpg,https://elise.vn/catalog/product/view/id/73353/s/chan-vay-da-den-xe-sau-fw2505253bkwobk/,Có
73348,VEST TUYTSY TRẮNG NẮP TÚI,1.608.600 VND,2.298.000 VND,30%,https://elise.vn/media/catalog/product/cache/b35d2052d2e1ce5f6cbaec523842ed65/f/w/fw2507131tuwowh1.jpg,https://elise.vn/catalog/product/view/id/73348/s/vest-tuytsy-trang-nap-tui-fw2507131tuwowh/,Có
73343,VEST TUYTSY HỒNG MÔN CƠI TÚI,1.468.600 VND,2.098.000 VND,30%,https://elise.vn/media/catalog/product/cache/b35d2052d2e1ce5f6cbaec523842ed65/f/w/fw2508049tuwopk1.jpg,https://elise.vn/catalog/product/view/id/73343/s/vest-tuytsy-hong-mon-coi-tui-fw2508049tuwopk/,Có
73338,VEST NÂU VÀNG CỔ V TÚI ỐP DIỄU CHỈ,1.468.600 VND,2.098.000 VND,30%,https://elise.vn/media/catalog/product/cache/b35d2052d2e1ce5f6cbaec523842ed65/f/w/fw2507177tvwopt4.jpg,https://elise.vn/catalog/product/view/id/73338/s/vest-nau-vang-co-v-tui-op-dieu-chi-fw2507177tvwopt/,Có
73333,SM TƠ TRẮNG BẤU MÍ NGỰC NƠ CỔ,838.600 VND,1.198.000 VND,30%,https://elise.vn/media/catalog/product/cache/b35d2052d2e1ce5f6cbaec523842ed65/f/w/fw2507296tlorwh3.jpg,https://elise.vn/catalog/product/view/id/73333/s/sm-to-trang-bau-mi-nguc-no-co-fw2507296tlorwh/,Có
73328,SM DÀI TAY ĐEN THÊU BÔ ĐÊ LOGO ELISE,838.600 VND,1.198.000 VND,30%,https://elise.vn/media/catalog/product/cache/b35d2052d2e1ce5f6cbaec523842ed65/f/f/ff2505248tlwobk3.jpg,https://elise.vn/catalog/product/view/id/73328/s/sm-dai-tay-den-theu-bo-de-logo-elise-ff2505248tlwobk/,Có
73323,ÁO XANH MINT PHỦ TÀ ĐAI EO,1.118.600 VND,1.598.000 VND,30%,https://elise.vn/media/catalog/product/cache/b35d2052d2e1ce5f6cbaec523842ed65/f/s/fs2504261tvwoge3.jpg,https://elise.vn/catalog/product/view/id/73323/s/ao-xanh-mint-phu-ta-dai-eo-fs2504261tvwoge/,Có
73318,ÁO VEST KẺ Ô TRẮNG HỒNG TAY LƠ VÊ ĐAI EO,1.468.600 VND,2.098.000 VND,30%,https://elise.vn/media/catalog/product/cache/b35d2052d2e1ce5f6cbaec523842ed65/f/w/fw2507246tvwopk3.jpg,https://elise.vn/catalog/product/view/id/73318/s/ao-vest-ke-o-trang-hong-tay-lo-ve-dai-eo-fw2507246tvwopk/,Có
73313,ÁO VEST ĐEN VÂN VẠT TÁCH,1.748.600 VND,2.498.000 VND,30%,https://elise.vn/media/catalog/product/cache/b35d2052d2e1ce5f6cbaec523842ed65/f/s/fs2505217tuwobk3.jpg,https://elise.vn/catalog/product/view/id/73313/s/ao-vest-den-van-vat-tach-fs2505217tuwobk/,Có
73308,ÁO VEST ĐEN VÂN VẠT BUỘC,1.608.600 VND,2.298.000 VND,30%,https://elise.vn/media/catalog/product/cache/b35d2052d2e1ce5f6cbaec523842ed65/f/s/fs2505225tuwobk2.jpg,https://elise.vn/catalog/product/view/id/73308/s/ao-vest-den-van-vat-buoc-fs2505225tuwobk/,Có
73303,ÁO SẠN XANH PHỐI VẠT KHĂN,978.600 VND,1.398.000 VND,30%,https://elise.vn/media/catalog/product/cache/b35d2052d2e1ce5f6cbaec523842ed65/f/s/fs2504237tswopw4.jpg,https://elise.vn/catalog/product/view/id/73303/s/ao-san-xanh-phoi-vat-khan-fs2504237tswopw/,Có
73294,SET ĐẦM BÚT CHÌ SÁT NÁCH KÈM ÁO CHOÀNG CAPE,1.608.600 VND,2.298.000 VND,30%,https://elise.vn/media/catalog/product/cache/b35d2052d2e1ce5f6cbaec523842ed65/f/f/ff2506050dmwowh.jpg,https://elise.vn/set-dam-but-chi-sat-nach-kem-ao-choang-cape-ff2506050dmwowh.html,Có
73289,ĐẦM TUYTSY KEM TRỄ VAI,1.608.600 VND,2.298.000 VND,30%,https://elise.vn/media/catalog/product/cache/b35d2052d2e1ce5f6cbaec523842ed65/f/w/fw2507159diwocr.jpg,https://elise.vn/dam-tuytsy-kem-tre-vai-fw2507159diwocr.html,Có
73284,ĐẦM TENDY VÂN TRẮNG ĐAI EO,1.468.600 VND,2.098.000 VND,30%,https://elise.vn/media/catalog/product/cache/b35d2052d2e1ce5f6cbaec523842ed65/f/w/fw2507016diwowh.jpg,https://elise.vn/dam-tendy-van-trang-dai-eo-fw2507016diwowh.html,Có
73279,ĐẦM TENDY TRẮNG VÂN NGANG PEPLUM,1.468.600 VND,2.098.000 VND,30%,https://elise.vn/media/catalog/product/cache/b35d2052d2e1ce5f6cbaec523842ed65/f/f/ff2506128diwowh1.jpg,https://elise.vn/dam-tendy-trang-van-ngang-peplum-ff2506128diwowh.html,Có
73274,ĐẦM TENDY TRẮNG PHỦ TÀ TAY LƠ VÊ,1.608.600 VND,2.298.000 VND,30%,https://elise.vn/media/catalog/product/cache/b35d2052d2e1ce5f6cbaec523842ed65/f/f/ff2506096diwowh.jpg,https://elise.vn/dam-tendy-trang-phu-ta-tay-lo-ve-ff2506096diwowh.html,Có
73269,ĐẦM SẠN TRẮNG PHỐI REN HT LƯỚI TRẮNG,1.748.600 VND,2.498.000 VND,30%,https://elise.vn/media/catalog/product/cache/b35d2052d2e1ce5f6cbaec523842ed65/f/f/ff2507014diwopt.jpg,https://elise.vn/dam-san-trang-phoi-ren-ht-luoi-trang-ff2507014diwopt.html,Có
73264,ĐẦM REN HOA CHỈ TRẮNG PHỐI CHÂN TƠ DẬP LY,1.888.600 VND,2.698.000 VND,30%,https://elise.vn/media/catalog/product/cache/b35d2052d2e1ce5f6cbaec523842ed65/f/w/fw2508160dmlawh2.jpg,https://elise.vn/dam-ren-hoa-chi-trang-phoi-chan-to-dap-ly-fw2508160dmlawh.html,Có
73259,ĐẦM KAKI TRẮNG ĐÍNH HT NGỰC,1.608.600 VND,2.298.000 VND,30%,https://elise.vn/media/catalog/product/cache/b35d2052d2e1ce5f6cbaec523842ed65/f/s/fs2504097diwowh.jpg,https://elise.vn/dam-kaki-trang-dinh-ht-nguc-fs2504097diwowh.html,Có
73254,QUẦN TRẮNG LOE TÚI DỌC,908.600 VND,1.298.000 VND,30%,https://elise.vn/media/catalog/product/cache/b35d2052d2e1ce5f6cbaec523842ed65/f/w/fw2510084bpwowh.jpg,https://elise.vn/quan-trang-loe-tui-doc-fw2510084bpwowh.html,Có
73249,QUẦN SUÔNG TRẮNG DÂY CẠP,978.600 VND,1.398.000 VND,30%,https://elise.vn/media/catalog/product/cache/b35d2052d2e1ce5f6cbaec523842ed65/f/w/fw2510083bpwowh2.jpg,https://elise.vn/quan-suong-trang-day-cap-fw2510083bpwowh.html,Có
73244,JUPE VÂN TRẮNG TÚI CHÉO,838.600 VND,1.198.000 VND,30%,https://elise.vn/media/catalog/product/cache/b35d2052d2e1ce5f6cbaec523842ed65/f/s/fs2505141bkwowh5.jpg,https://elise.vn/jupe-van-trang-tui-cheo-fs2505141bkwowh.html,Có
73239,CHÂN VÁY TUYTSY KEM DẬP LY,1.118.600 VND,1.598.000 VND,30%,https://elise.vn/media/catalog/product/cache/b35d2052d2e1ce5f6cbaec523842ed65/f/w/fw2508062bkwocr1.jpg,https://elise.vn/chan-vay-tuytsy-kem-dap-ly-fw2508062bkwocr.html,Có
73234,CHÂN VÁY TƠ XƯỚC BE XẾP NHÚN EO,908.600 VND,1.298.000 VND,30%,https://elise.vn/media/catalog/product/cache/b35d2052d2e1ce5f6cbaec523842ed65/f/s/fs2504028bkorbe4.jpg,https://elise.vn/chan-vay-to-xuoc-be-xep-nhun-eo-fs2504028bkorbe.html,Có
73229,SM TƠ XƯỚC BE XẾP NHÚN VAI,908.600 VND,1.298.000 VND,30%,https://elise.vn/media/catalog/product/cache/b35d2052d2e1ce5f6cbaec523842ed65/f/s/fs2504027tsorbe.jpg,https://elise.vn/sm-to-xuoc-be-xep-nhun-vai-fs2504027tsorbe.html,Có
73224,SM TƠ NHŨ ÓNG TRẮNG ĐÈ REN,768.600 VND,1.098.000 VND,30%,https://elise.vn/media/catalog/product/cache/b35d2052d2e1ce5f6cbaec523842ed65/f/s/fs2503084tsorwh.jpg,https://elise.vn/sm-to-nhu-ong-trang-de-ren-fs2503084tsorwh.html,Có
73219,SM SẠN TRẮNG SỮA CÀI HOA DÂY,838.600 VND,1.198.000 VND,30%,https://elise.vn/media/catalog/product/cache/b35d2052d2e1ce5f6cbaec523842ed65/f/s/fs2504184tswowh1.jpg,https://elise.vn/sm-san-trang-sua-cai-hoa-day-fs2504184tswowh.html,Có
73214,ÁO TUYTSY TRẮNG CỔ TRÒN ĐAI EO,1.048.600 VND,1.498.000 VND,30%,https://elise.vn/media/catalog/product/cache/b35d2052d2e1ce5f6cbaec523842ed65/f/f/ff2505095tswowh3.jpg,https://elise.vn/ao-tuytsy-trang-co-tron-dai-eo-ff2505095tswowh.html,Có
73209,ÁO TƠ TUA RUA MÀU KEM CỔ LỤA,908.600 VND,1.298.000 VND,30%,https://elise.vn/media/catalog/product/cache/b35d2052d2e1ce5f6cbaec523842ed65/f/s/fs2505270tsorcr4.jpg,https://elise.vn/ao-to-tua-rua-mau-kem-co-lua-fs2505270tsorcr.html,Có
73184,QUẦN DENIM SUÔNG GẤU LƠVÊ THÊU CHỮ ELISE,908.600 VND,1.298.000 VND,30%,https://elise.vn/media/catalog/product/cache/b35d2052d2e1ce5f6cbaec523842ed65/f/s/fs2506175bpdenv.jpg,https://elise.vn/quan-denim-suong-gau-love-theu-chu-elise-fs2506175bpdenv.html,Có
73179,QUẦN DÀI SỢI ĐEN PHA TRẮNG ỐP NẮP TÚI,838.600 VND,1.198.000 VND,30%,https://elise.vn/media/catalog/product/cache/b35d2052d2e1ce5f6cbaec523842ed65/f/s/fs2503107bpwobk.jpg,https://elise.vn/quan-dai-soi-den-pha-trang-op-nap-tui-fs2503107bpwobk.html,Có
73164,CHÂN VÁY JEANS GHI TÚI THÊU LOGO,658.800 VND,1.098.000 VND,40%,https://elise.vn/media/catalog/product/cache/b35d2052d2e1ce5f6cbaec523842ed65/f/s/fs2501200bkdegr4.jpg,https://elise.vn/chan-vay-jeans-ghi-tui-theu-logo-fs2501200bkdegr.html,Có
73159,ÁO THUN NÂU SÁT NÁCH,488.600 VND,698.000 VND,30%,https://elise.vn/media/catalog/product/cache/b35d2052d2e1ce5f6cbaec523842ed65/f/w/fw2507074tnkcbr1.jpg,https://elise.vn/ao-thun-nau-sat-nach-fw2507074tnkcbr.html,Có
73149,ÁO MONGTOGHI XANH TÍM THAN DÀI TAY,698.600 VND,998.000 VND,30%,https://elise.vn/media/catalog/product/cache/b35d2052d2e1ce5f6cbaec523842ed65/f/s/fs2502025tlkfnv.jpg,https://elise.vn/ao-mongtoghi-xanh-tim-than-dai-tay-fs2502025tlkfnv.html,Có
73144,ÁO MONGTOGHI XÁM GHI ĐÍNH LOGO,698.600 VND,998.000 VND,30%,https://elise.vn/media/catalog/product/cache/b35d2052d2e1ce5f6cbaec523842ed65/f/s/fs2502008tlkfbl5.jpg,https://elise.vn/ao-mongtoghi-xam-ghi-dinh-logo-fs2502008tlkfbl.html,Có
73139,ÁO MONGTOGHI VÀNG DỆT XOẮN THỪNG,768.600 VND,1.098.000 VND,30%,https://elise.vn/media/catalog/product/cache/b35d2052d2e1ce5f6cbaec523842ed65/f/s/fs2502107tlkfyl3.jpg,https://elise.vn/ao-mongtoghi-vang-det-xoan-thung-fs2502107tlkfyl.html,Có
73134,ÁO MONGTOGHI TÍM MỞ KHUY,698.600 VND,998.000 VND,30%,https://elise.vn/media/catalog/product/cache/b35d2052d2e1ce5f6cbaec523842ed65/f/s/fs2502005tlkfrd3.jpg,https://elise.vn/ao-mongtoghi-tim-mo-khuy-fs2502005tlkfrd.html,Có
73129,ÁO MONGTOGHI ĐỎ CỔ TIM MỎ KHUY,628.600 VND,898.000 VND,30%,https://elise.vn/media/catalog/product/cache/b35d2052d2e1ce5f6cbaec523842ed65/f/s/fs2501254tlkfbe4.jpg,https://elise.vn/ao-mongtoghi-do-co-tim-mo-khuy-fs2501254tlkfbe.html,Có
73124,ÁO MONGTOGHI ĐEN TRẮNG TRỄ VAI,698.600 VND,998.000 VND,30%,https://elise.vn/media/catalog/product/cache/b35d2052d2e1ce5f6cbaec523842ed65/f/s/fs2502294tlkfpb2.jpg,https://elise.vn/ao-mongtoghi-den-trang-tre-vai-fs2502294tlkfpb.html,Có
73119,ÁO MONGTOGHI CỔ TRÒN ĐÍNH LOGO,628.600 VND,898.000 VND,30%,https://elise.vn/media/catalog/product/cache/b35d2052d2e1ce5f6cbaec523842ed65/f/s/fs2501252tlkfgr1.jpg,https://elise.vn/ao-mongtoghi-co-tron-dinh-logo-fs2501252tlkfgr.html,Có
73114,ÁO MONGTOGHI CỔ THUYỀN BO GẤU,698.600 VND,998.000 VND,30%,https://elise.vn/media/catalog/product/cache/b35d2052d2e1ce5f6cbaec523842ed65/f/s/fs2501253tlkfgr4.jpg,https://elise.vn/ao-mongtoghi-co-thuyen-bo-gau-fs2501253tlkfgr.html,Có
73109,ÁO LEN ĐỎ TÍA SÁT NÁCH,628.600 VND,898.000 VND,30%,https://elise.vn/media/catalog/product/cache/b35d2052d2e1ce5f6cbaec523842ed65/f/w/fw2507136tnkfrd2.jpg,https://elise.vn/ao-len-do-tia-sat-nach-fw2507136tnkfrd.html,Có
73104,ĐẦM TWEED ĐEN VÂN KT PHỐI CỔ REN HOA,1.748.600 VND,2.498.000 VND,30%,https://elise.vn/media/catalog/product/cache/b35d2052d2e1ce5f6cbaec523842ed65/f/w/fw2508195ditwpb.jpg,https://elise.vn/dam-tweed-den-van-kt-phoi-co-ren-hoa-fw2508195ditwpb.html,Có
73099,ĐẦM TWEED ĐEN SỢI KẺ Ô ĐÍNH PK KIM TUYẾN,1.608.600 VND,2.298.000 VND,30%,https://elise.vn/media/catalog/product/cache/b35d2052d2e1ce5f6cbaec523842ed65/f/w/fw2508091ditwbk2.jpg,https://elise.vn/dam-tweed-den-soi-ke-o-dinh-pk-kim-tuyen-fw2508091ditwbk.html,Có
73094,JUPE DẠ TWEED SỢI KẺ Ô ĐEN XẺ SAU,978.600 VND,1.398.000 VND,30%,https://elise.vn/media/catalog/product/cache/b35d2052d2e1ce5f6cbaec523842ed65/f/w/fw2507309bktwpt1.jpg,https://elise.vn/jupe-da-tweed-soi-ke-o-den-xe-sau-fw2507309bktwpt.html,Có
73089,JUPE DẠ TWEED NÂU SÁNG KẺ Ô,908.600 VND,1.298.000 VND,30%,https://elise.vn/media/catalog/product/cache/b35d2052d2e1ce5f6cbaec523842ed65/f/w/fw2509072bktwbr.jpg,https://elise.vn/jupe-da-tweed-nau-sang-ke-o-fw2509072bktwbr.html,Có
73084,CV TWEED ĐEN VÂN KT GẤU DÂY XÍCH,1.118.600 VND,1.598.000 VND,30%,https://elise.vn/media/catalog/product/cache/b35d2052d2e1ce5f6cbaec523842ed65/f/w/fw2509002bktwpb2.jpg,https://elise.vn/cv-tweed-den-van-kt-gau-day-xich-fw2509002bktwpb.html,Có
